{
  "accuracy": 0.5363908275174477,
  "macro_f1": 0.5332805589282132,
  "classification_report": {
    "Burnout": {
      "precision": 0.46325878594249204,
      "recall": 0.42028985507246375,
      "f1-score": 0.44072948328267475,
      "support": 345.0
    },
    "Fatiga_Fisica": {
      "precision": 0.5790816326530612,
      "recall": 0.6816816816816816,
      "f1-score": 0.6262068965517241,
      "support": 333.0
    },
    "Hiperactividad_Ansiosa": {
      "precision": 0.5570469798657718,
      "recall": 0.5107692307692308,
      "f1-score": 0.5329052969502408,
      "support": 325.0
    },
    "accuracy": 0.5363908275174477,
    "macro avg": {
      "precision": 0.5331291328204416,
      "recall": 0.5375802558411253,
      "f1-score": 0.5332805589282132,
      "support": 1003.0
    },
    "weighted avg": {
      "precision": 0.532102426001999,
      "recall": 0.5363908275174477,
      "f1-score": 0.532176261010045,
      "support": 1003.0
    }
  },
  "n_train": 4008,
  "n_test": 1003,
  "n_real_assessments": 11,
  "n_features": 7,
  "feature_cols": [
    "q1_energia_cognitiva",
    "q2_tension_fisica",
    "q3_rumiacion",
    "q4_activacion_negativa",
    "cognitive_load",
    "somatic_stress",
    "hyperarousal"
  ],
  "model_type": "HistGradientBoosting+CalibratedClassifierCV",
  "hybrid_threshold": 0.58,
  "class_distribution": {
    "Burnout": 1723,
    "Fatiga_Fisica": 1666,
    "Hiperactividad_Ansiosa": 1622
  }
}